,state_code,county_code,site_number,parameter_code,poc,latitude,longitude,datum,parameter,date_local,time_local,date_gmt,time_gmt,sample_measurement,units_of_measure,units_of_measure_code,sample_duration,sample_duration_code,sample_frequency,detection_limit,uncertainty,qualifier,method_type,method,method_code,state,county,date_of_last_change,cbsa_code
0,08,059,0014,44201,1,39.620408,-105.33872,WGS84,Ozone,2021-05-13,00:00,2021-05-13,07:00,0.021,Parts per million,007,1 HOUR,1,HOURLY,0.005,,,FEM,INSTRUMENTAL - ULTRA VIOLET ABSORPTION,087,Colorado,Jefferson,2021-08-16,19740
1,08,059,0011,44201,1,39.743724,-105.177989,WGS84,Ozone,2021-05-13,00:00,2021-05-13,07:00,0.039,Parts per million,007,1 HOUR,1,HOURLY,0.005,,,FEM,INSTRUMENTAL - ULTRA VIOLET ABSORPTION,087,Colorado,Jefferson,2021-08-16,19740
2,08,059,0006,44201,1,39.912799,-105.188587,WGS84,Ozone,2021-05-13,00:00,2021-05-13,07:00,0.041,Parts per million,007,1 HOUR,1,HOURLY,0.005,,,FEM,INSTRUMENTAL - ULTRA VIOLET ABSORPTION,087,Colorado,Jefferson,2021-08-16,19740
3,08,013,0014,44201,1,40.070016,-105.220238,NAD83,Ozone,2021-05-13,00:00,2021-05-13,07:00,0.025,Parts per million,007,1 HOUR,1,HOURLY,0.005,,,FEM,INSTRUMENTAL - ULTRA VIOLET ABSORPTION,087,Colorado,Boulder,2021-08-16,14500
4,08,047,0003,44201,1,39.792519,-105.49127,NAD83,Ozone,2021-05-13,00:00,2021-05-13,07:00,0.042,Parts per million,007,1 HOUR,1,HOURLY,0.005,,,FEM,INSTRUMENTAL - ULTRA VIOLET ABSORPTION,087,Colorado,Gilpin,2021-08-16,19740
5,08,035,0004,44201,1,39.534488,-105.070358,WGS84,Ozone,2021-05-13,00:00,2021-05-13,07:00,0.034,Parts per million,007,1 HOUR,1,HOURLY,0.005,,,FEM,INSTRUMENTAL - ULTRA VIOLET ABSORPTION,087,Colorado,Douglas,2021-08-16,19740
6,08,031,0026,44201,1,39.77949,-105.00518,WGS84,Ozone,2021-05-13,00:00,2021-05-13,07:00,0.023,Parts per million,007,1 HOUR,1,HOURLY,0.005,,,FEM,INSTRUMENTAL - ULTRA VIOLET ABSORPTION,087,Colorado,Denver,2021-08-16,19740
7,08,031,0002,44201,6,39.751184,-104.987625,WGS84,Ozone,2021-05-13,00:00,2021-05-13,07:00,0.022,Parts per million,007,1 HOUR,1,HOURLY,0.005,,,FEM,INSTRUMENTAL - ULTRA VIOLET ABSORPTION,087,Colorado,Denver,2021-08-16,19740
8,08,005,0006,44201,1,39.638522,-104.569335,WGS84,Ozone,2021-05-13,00:00,2021-05-13,07:00,0.031,Parts per million,007,1 HOUR,1,HOURLY,0.005,,,FEM,INSTRUMENTAL - ULTRA VIOLET ABSORPTION,087,Colorado,Arapahoe,2021-08-16,19740
9,08,005,0002,44201,1,39.567887,-104.957193,WGS84,Ozone,2021-05-13,00:00,2021-05-13,07:00,,Parts per million,007,1 HOUR,1,HOURLY,0.005,,AY - Q C Control Points (zero/span).,FEM,INSTRUMENTAL - ULTRA VIOLET ABSORPTION,087,Colorado,Arapahoe,2021-08-16,19740
10,08,001,3001,44201,2,39.838119,-104.94984,WGS84,Ozone,2021-05-13,00:00,2021-05-13,07:00,0.019,Parts per million,007,1 HOUR,1,HOURLY,0.005,,,FEM,INSTRUMENTAL - ULTRA VIOLET ABSORPTION,087,Colorado,Adams,2021-08-16,19740
11,08,059,0014,44201,1,39.620408,-105.33872,WGS84,Ozone,2021-05-13,01:00,2021-05-13,08:00,0.02,Parts per million,007,1 HOUR,1,HOURLY,0.005,,,FEM,INSTRUMENTAL - ULTRA VIOLET ABSORPTION,087,Colorado,Jefferson,2021-08-16,19740
12,08,059,0011,44201,1,39.743724,-105.177989,WGS84,Ozone,2021-05-13,01:00,2021-05-13,08:00,0.039,Parts per million,007,1 HOUR,1,HOURLY,0.005,,,FEM,INSTRUMENTAL - ULTRA VIOLET ABSORPTION,087,Colorado,Jefferson,2021-08-16,19740
13,08,059,0006,44201,1,39.912799,-105.188587,WGS84,Ozone,2021-05-13,01:00,2021-05-13,08:00,0.035,Parts per million,007,1 HOUR,1,HOURLY,0.005,,,FEM,INSTRUMENTAL - ULTRA VIOLET ABSORPTION,087,Colorado,Jefferson,2021-08-16,19740
14,08,013,0014,44201,1,40.070016,-105.220238,NAD83,Ozone,2021-05-13,01:00,2021-05-13,08:00,0.023,Parts per million,007,1 HOUR,1,HOURLY,0.005,,,FEM,INSTRUMENTAL - ULTRA VIOLET ABSORPTION,087,Colorado,Boulder,2021-08-16,14500
15,08,047,0003,44201,1,39.792519,-105.49127,NAD83,Ozone,2021-05-13,01:00,2021-05-13,08:00,0.043,Parts per million,007,1 HOUR,1,HOURLY,0.005,,,FEM,INSTRUMENTAL - ULTRA VIOLET ABSORPTION,087,Colorado,Gilpin,2021-08-16,19740
16,08,035,0004,44201,1,39.534488,-105.070358,WGS84,Ozone,2021-05-13,01:00,2021-05-13,08:00,0.033,Parts per million,007,1 HOUR,1,HOURLY,0.005,,,FEM,INSTRUMENTAL - ULTRA VIOLET ABSORPTION,087,Colorado,Douglas,2021-08-16,19740
17,08,031,0026,44201,1,39.77949,-105.00518,WGS84,Ozone,2021-05-13,01:00,2021-05-13,08:00,0.024,Parts per million,007,1 HOUR,1,HOURLY,0.005,,,FEM,INSTRUMENTAL - ULTRA VIOLET ABSORPTION,087,Colorado,Denver,2021-08-16,19740
18,08,031,0002,44201,6,39.751184,-104.987625,WGS84,Ozone,2021-05-13,01:00,2021-05-13,08:00,0.02,Parts per million,007,1 HOUR,1,HOURLY,0.005,,,FEM,INSTRUMENTAL - ULTRA VIOLET ABSORPTION,087,Colorado,Denver,2021-08-16,19740
19,08,005,0006,44201,1,39.638522,-104.569335,WGS84,Ozone,2021-05-13,01:00,2021-05-13,08:00,0.029,Parts per million,007,1 HOUR,1,HOURLY,0.005,,,FEM,INSTRUMENTAL - ULTRA VIOLET ABSORPTION,087,Colorado,Arapahoe,2021-08-16,19740
20,08,005,0002,44201,1,39.567887,-104.957193,WGS84,Ozone,2021-05-13,01:00,2021-05-13,08:00,,Parts per million,007,1 HOUR,1,HOURLY,0.005,,AY - Q C Control Points (zero/span).,FEM,INSTRUMENTAL - ULTRA VIOLET ABSORPTION,087,Colorado,Arapahoe,2021-08-16,19740
21,08,001,3001,44201,2,39.838119,-104.94984,WGS84,Ozone,2021-05-13,01:00,2021-05-13,08:00,0.013,Parts per million,007,1 HOUR,1,HOURLY,0.005,,,FEM,INSTRUMENTAL - ULTRA VIOLET ABSORPTION,087,Colorado,Adams,2021-08-16,19740
22,08,059,0014,44201,1,39.620408,-105.33872,WGS84,Ozone,2021-05-13,02:00,2021-05-13,09:00,0.016,Parts per million,007,1 HOUR,1,HOURLY,0.005,,,FEM,INSTRUMENTAL - ULTRA VIOLET ABSORPTION,087,Colorado,Jefferson,2021-08-16,19740
23,08,059,0011,44201,1,39.743724,-105.177989,WGS84,Ozone,2021-05-13,02:00,2021-05-13,09:00,0.036,Parts per million,007,1 HOUR,1,HOURLY,0.005,,,FEM,INSTRUMENTAL - ULTRA VIOLET ABSORPTION,087,Colorado,Jefferson,2021-08-16,19740
24,08,059,0006,44201,1,39.912799,-105.188587,WGS84,Ozone,2021-05-13,02:00,2021-05-13,09:00,0.034,Parts per million,007,1 HOUR,1,HOURLY,0.005,,,FEM,INSTRUMENTAL - ULTRA VIOLET ABSORPTION,087,Colorado,Jefferson,2021-08-16,19740
25,08,013,0014,44201,1,40.070016,-105.220238,NAD83,Ozone,2021-05-13,02:00,2021-05-13,09:00,0.019,Parts per million,007,1 HOUR,1,HOURLY,0.005,,,FEM,INSTRUMENTAL - ULTRA VIOLET ABSORPTION,087,Colorado,Boulder,2021-08-16,14500
26,08,047,0003,44201,1,39.792519,-105.49127,NAD83,Ozone,2021-05-13,02:00,2021-05-13,09:00,0.042,Parts per million,007,1 HOUR,1,HOURLY,0.005,,,FEM,INSTRUMENTAL - ULTRA VIOLET ABSORPTION,087,Colorado,Gilpin,2021-08-16,19740
27,08,035,0004,44201,1,39.534488,-105.070358,WGS84,Ozone,2021-05-13,02:00,2021-05-13,09:00,0.026,Parts per million,007,1 HOUR,1,HOURLY,0.005,,,FEM,INSTRUMENTAL - ULTRA VIOLET ABSORPTION,087,Colorado,Douglas,2021-08-16,19740
28,08,031,0026,44201,1,39.77949,-105.00518,WGS84,Ozone,2021-05-13,02:00,2021-05-13,09:00,0.018,Parts per million,007,1 HOUR,1,HOURLY,0.005,,,FEM,INSTRUMENTAL - ULTRA VIOLET ABSORPTION,087,Colorado,Denver,2021-08-16,19740
29,08,031,0002,44201,6,39.751184,-104.987625,WGS84,Ozone,2021-05-13,02:00,2021-05-13,09:00,0.022,Parts per million,007,1 HOUR,1,HOURLY,0.005,,,FEM,INSTRUMENTAL - ULTRA VIOLET ABSORPTION,087,Colorado,Denver,2021-08-16,19740
30,08,005,0006,44201,1,39.638522,-104.569335,WGS84,Ozone,2021-05-13,02:00,2021-05-13,09:00,0.028,Parts per million,007,1 HOUR,1,HOURLY,0.005,,,FEM,INSTRUMENTAL - ULTRA VIOLET ABSORPTION,087,Colorado,Arapahoe,2021-08-16,19740
31,08,005,0002,44201,1,39.567887,-104.957193,WGS84,Ozone,2021-05-13,02:00,2021-05-13,09:00,,Parts per million,007,1 HOUR,1,HOURLY,0.005,,AY - Q C Control Points (zero/span).,FEM,INSTRUMENTAL - ULTRA VIOLET ABSORPTION,087,Colorado,Arapahoe,2021-08-16,19740
32,08,001,3001,44201,2,39.838119,-104.94984,WGS84,Ozone,2021-05-13,02:00,2021-05-13,09:00,0.015,Parts per million,007,1 HOUR,1,HOURLY,0.005,,,FEM,INSTRUMENTAL - ULTRA VIOLET ABSORPTION,087,Colorado,Adams,2021-08-16,19740
33,08,059,0014,44201,1,39.620408,-105.33872,WGS84,Ozone,2021-05-13,03:00,2021-05-13,10:00,0.019,Parts per million,007,1 HOUR,1,HOURLY,0.005,,,FEM,INSTRUMENTAL - ULTRA VIOLET ABSORPTION,087,Colorado,Jefferson,2021-08-16,19740
34,08,059,0011,44201,1,39.743724,-105.177989,WGS84,Ozone,2021-05-13,03:00,2021-05-13,10:00,0.038,Parts per million,007,1 HOUR,1,HOURLY,0.005,,,FEM,INSTRUMENTAL - ULTRA VIOLET ABSORPTION,087,Colorado,Jefferson,2021-08-16,19740
35,08,059,0006,44201,1,39.912799,-105.188587,WGS84,Ozone,2021-05-13,03:00,2021-05-13,10:00,0.031,Parts per million,007,1 HOUR,1,HOURLY,0.005,,,FEM,INSTRUMENTAL - ULTRA VIOLET ABSORPTION,087,Colorado,Jefferson,2021-08-16,19740
36,08,013,0014,44201,1,40.070016,-105.220238,NAD83,Ozone,2021-05-13,03:00,2021-05-13,10:00,0.016,Parts per million,007,1 HOUR,1,HOURLY,0.005,,,FEM,INSTRUMENTAL - ULTRA VIOLET ABSORPTION,087,Colorado,Boulder,2021-08-16,14500
37,08,047,0003,44201,1,39.792519,-105.49127,NAD83,Ozone,2021-05-13,03:00,2021-05-13,10:00,0.043,Parts per million,007,1 HOUR,1,HOURLY,0.005,,,FEM,INSTRUMENTAL - ULTRA VIOLET ABSORPTION,087,Colorado,Gilpin,2021-08-16,19740
38,08,035,0004,44201,1,39.534488,-105.070358,WGS84,Ozone,2021-05-13,03:00,2021-05-13,10:00,0.024,Parts per million,007,1 HOUR,1,HOURLY,0.005,,,FEM,INSTRUMENTAL - ULTRA VIOLET ABSORPTION,087,Colorado,Douglas,2021-08-16,19740
39,08,031,0026,44201,1,39.77949,-105.00518,WGS84,Ozone,2021-05-13,03:00,2021-05-13,10:00,0.011,Parts per million,007,1 HOUR,1,HOURLY,0.005,,,FEM,INSTRUMENTAL - ULTRA VIOLET ABSORPTION,087,Colorado,Denver,2021-08-16,19740
40,08,031,0002,44201,6,39.751184,-104.987625,WGS84,Ozone,2021-05-13,03:00,2021-05-13,10:00,0.019,Parts per million,007,1 HOUR,1,HOURLY,0.005,,,FEM,INSTRUMENTAL - ULTRA VIOLET ABSORPTION,087,Colorado,Denver,2021-08-16,19740
41,08,005,0006,44201,1,39.638522,-104.569335,WGS84,Ozone,2021-05-13,03:00,2021-05-13,10:00,0.026,Parts per million,007,1 HOUR,1,HOURLY,0.005,,,FEM,INSTRUMENTAL - ULTRA VIOLET ABSORPTION,087,Colorado,Arapahoe,2021-08-16,19740
42,08,005,0002,44201,1,39.567887,-104.957193,WGS84,Ozone,2021-05-13,03:00,2021-05-13,10:00,,Parts per million,007,1 HOUR,1,HOURLY,0.005,,AY - Q C Control Points (zero/span).,FEM,INSTRUMENTAL - ULTRA VIOLET ABSORPTION,087,Colorado,Arapahoe,2021-08-16,19740
43,08,001,3001,44201,2,39.838119,-104.94984,WGS84,Ozone,2021-05-13,03:00,2021-05-13,10:00,0.009,Parts per million,007,1 HOUR,1,HOURLY,0.005,,,FEM,INSTRUMENTAL - ULTRA VIOLET ABSORPTION,087,Colorado,Adams,2021-08-16,19740
44,08,059,0014,44201,1,39.620408,-105.33872,WGS84,Ozone,2021-05-13,04:00,2021-05-13,11:00,0.02,Parts per million,007,1 HOUR,1,HOURLY,0.005,,,FEM,INSTRUMENTAL - ULTRA VIOLET ABSORPTION,087,Colorado,Jefferson,2021-08-16,19740
45,08,059,0011,44201,1,39.743724,-105.177989,WGS84,Ozone,2021-05-13,04:00,2021-05-13,11:00,0.032,Parts per million,007,1 HOUR,1,HOURLY,0.005,,,FEM,INSTRUMENTAL - ULTRA VIOLET ABSORPTION,087,Colorado,Jefferson,2021-08-16,19740
46,08,059,0006,44201,1,39.912799,-105.188587,WGS84,Ozone,2021-05-13,04:00,2021-05-13,11:00,0.031,Parts per million,007,1 HOUR,1,HOURLY,0.005,,,FEM,INSTRUMENTAL - ULTRA VIOLET ABSORPTION,087,Colorado,Jefferson,2021-08-16,19740
47,08,013,0014,44201,1,40.070016,-105.220238,NAD83,Ozone,2021-05-13,04:00,2021-05-13,11:00,0.019,Parts per million,007,1 HOUR,1,HOURLY,0.005,,,FEM,INSTRUMENTAL - ULTRA VIOLET ABSORPTION,087,Colorado,Boulder,2021-08-16,14500
48,08,047,0003,44201,1,39.792519,-105.49127,NAD83,Ozone,2021-05-13,04:00,2021-05-13,11:00,0.042,Parts per million,007,1 HOUR,1,HOURLY,0.005,,,FEM,INSTRUMENTAL - ULTRA VIOLET ABSORPTION,087,Colorado,Gilpin,2021-08-16,19740
49,08,035,0004,44201,1,39.534488,-105.070358,WGS84,Ozone,2021-05-13,04:00,2021-05-13,11:00,0.023,Parts per million,007,1 HOUR,1,HOURLY,0.005,,,FEM,INSTRUMENTAL - ULTRA VIOLET ABSORPTION,087,Colorado,Douglas,2021-08-16,19740
50,08,031,0026,44201,1,39.77949,-105.00518,WGS84,Ozone,2021-05-13,04:00,2021-05-13,11:00,0.007,Parts per million,007,1 HOUR,1,HOURLY,0.005,,,FEM,INSTRUMENTAL - ULTRA VIOLET ABSORPTION,087,Colorado,Denver,2021-08-16,19740
51,08,031,0002,44201,6,39.751184,-104.987625,WGS84,Ozone,2021-05-13,04:00,2021-05-13,11:00,0.017,Parts per million,007,1 HOUR,1,HOURLY,0.005,,,FEM,INSTRUMENTAL - ULTRA VIOLET ABSORPTION,087,Colorado,Denver,2021-08-16,19740
52,08,005,0006,44201,1,39.638522,-104.569335,WGS84,Ozone,2021-05-13,04:00,2021-05-13,11:00,0.028,Parts per million,007,1 HOUR,1,HOURLY,0.005,,,FEM,INSTRUMENTAL - ULTRA VIOLET ABSORPTION,087,Colorado,Arapahoe,2021-08-16,19740
53,08,005,0002,44201,1,39.567887,-104.957193,WGS84,Ozone,2021-05-13,04:00,2021-05-13,11:00,,Parts per million,007,1 HOUR,1,HOURLY,0.005,,AY - Q C Control Points (zero/span).,FEM,INSTRUMENTAL - ULTRA VIOLET ABSORPTION,087,Colorado,Arapahoe,2021-08-16,19740
54,08,001,3001,44201,2,39.838119,-104.94984,WGS84,Ozone,2021-05-13,04:00,2021-05-13,11:00,0.004,Parts per million,007,1 HOUR,1,HOURLY,0.005,,,FEM,INSTRUMENTAL - ULTRA VIOLET ABSORPTION,087,Colorado,Adams,2021-08-16,19740
55,08,059,0014,44201,1,39.620408,-105.33872,WGS84,Ozone,2021-05-13,05:00,2021-05-13,12:00,0.019,Parts per million,007,1 HOUR,1,HOURLY,0.005,,,FEM,INSTRUMENTAL - ULTRA VIOLET ABSORPTION,087,Colorado,Jefferson,2021-08-16,19740
56,08,059,0011,44201,1,39.743724,-105.177989,WGS84,Ozone,2021-05-13,05:00,2021-05-13,12:00,0.026,Parts per million,007,1 HOUR,1,HOURLY,0.005,,,FEM,INSTRUMENTAL - ULTRA VIOLET ABSORPTION,087,Colorado,Jefferson,2021-08-16,19740
57,08,059,0006,44201,1,39.912799,-105.188587,WGS84,Ozone,2021-05-13,05:00,2021-05-13,12:00,0.032,Parts per million,007,1 HOUR,1,HOURLY,0.005,,,FEM,INSTRUMENTAL - ULTRA VIOLET ABSORPTION,087,Colorado,Jefferson,2021-08-16,19740
58,08,013,0014,44201,1,40.070016,-105.220238,NAD83,Ozone,2021-05-13,05:00,2021-05-13,12:00,0.021,Parts per million,007,1 HOUR,1,HOURLY,0.005,,,FEM,INSTRUMENTAL - ULTRA VIOLET ABSORPTION,087,Colorado,Boulder,2021-08-16,14500
59,08,047,0003,44201,1,39.792519,-105.49127,NAD83,Ozone,2021-05-13,05:00,2021-05-13,12:00,0.041,Parts per million,007,1 HOUR,1,HOURLY,0.005,,,FEM,INSTRUMENTAL - ULTRA VIOLET ABSORPTION,087,Colorado,Gilpin,2021-08-16,19740
60,08,035,0004,44201,1,39.534488,-105.070358,WGS84,Ozone,2021-05-13,05:00,2021-05-13,12:00,0.024,Parts per million,007,1 HOUR,1,HOURLY,0.005,,,FEM,INSTRUMENTAL - ULTRA VIOLET ABSORPTION,087,Colorado,Douglas,2021-08-16,19740
61,08,031,0026,44201,1,39.77949,-105.00518,WGS84,Ozone,2021-05-13,05:00,2021-05-13,12:00,0.009,Parts per million,007,1 HOUR,1,HOURLY,0.005,,,FEM,INSTRUMENTAL - ULTRA VIOLET ABSORPTION,087,Colorado,Denver,2021-08-16,19740
62,08,031,0002,44201,6,39.751184,-104.987625,WGS84,Ozone,2021-05-13,05:00,2021-05-13,12:00,0.01,Parts per million,007,1 HOUR,1,HOURLY,0.005,,,FEM,INSTRUMENTAL - ULTRA VIOLET ABSORPTION,087,Colorado,Denver,2021-08-16,19740
63,08,005,0006,44201,1,39.638522,-104.569335,WGS84,Ozone,2021-05-13,05:00,2021-05-13,12:00,0.028,Parts per million,007,1 HOUR,1,HOURLY,0.005,,,FEM,INSTRUMENTAL - ULTRA VIOLET ABSORPTION,087,Colorado,Arapahoe,2021-08-16,19740
64,08,005,0002,44201,1,39.567887,-104.957193,WGS84,Ozone,2021-05-13,05:00,2021-05-13,12:00,,Parts per million,007,1 HOUR,1,HOURLY,0.005,,AY - Q C Control Points (zero/span).,FEM,INSTRUMENTAL - ULTRA VIOLET ABSORPTION,087,Colorado,Arapahoe,2021-08-16,19740
65,08,001,3001,44201,2,39.838119,-104.94984,WGS84,Ozone,2021-05-13,05:00,2021-05-13,12:00,0.003,Parts per million,007,1 HOUR,1,HOURLY,0.005,,,FEM,INSTRUMENTAL - ULTRA VIOLET ABSORPTION,087,Colorado,Adams,2021-08-16,19740
66,08,059,0014,44201,1,39.620408,-105.33872,WGS84,Ozone,2021-05-13,06:00,2021-05-13,13:00,0.019,Parts per million,007,1 HOUR,1,HOURLY,0.005,,,FEM,INSTRUMENTAL - ULTRA VIOLET ABSORPTION,087,Colorado,Jefferson,2021-08-16,19740
67,08,059,0011,44201,1,39.743724,-105.177989,WGS84,Ozone,2021-05-13,06:00,2021-05-13,13:00,0.026,Parts per million,007,1 HOUR,1,HOURLY,0.005,,,FEM,INSTRUMENTAL - ULTRA VIOLET ABSORPTION,087,Colorado,Jefferson,2021-08-16,19740
68,08,059,0006,44201,1,39.912799,-105.188587,WGS84,Ozone,2021-05-13,06:00,2021-05-13,13:00,0.032,Parts per million,007,1 HOUR,1,HOURLY,0.005,,,FEM,INSTRUMENTAL - ULTRA VIOLET ABSORPTION,087,Colorado,Jefferson,2021-08-16,19740
69,08,013,0014,44201,1,40.070016,-105.220238,NAD83,Ozone,2021-05-13,06:00,2021-05-13,13:00,0.022,Parts per million,007,1 HOUR,1,HOURLY,0.005,,,FEM,INSTRUMENTAL - ULTRA VIOLET ABSORPTION,087,Colorado,Boulder,2021-08-16,14500
70,08,047,0003,44201,1,39.792519,-105.49127,NAD83,Ozone,2021-05-13,06:00,2021-05-13,13:00,0.035,Parts per million,007,1 HOUR,1,HOURLY,0.005,,,FEM,INSTRUMENTAL - ULTRA VIOLET ABSORPTION,087,Colorado,Gilpin,2021-08-16,19740
71,08,035,0004,44201,1,39.534488,-105.070358,WGS84,Ozone,2021-05-13,06:00,2021-05-13,13:00,0.026,Parts per million,007,1 HOUR,1,HOURLY,0.005,,,FEM,INSTRUMENTAL - ULTRA VIOLET ABSORPTION,087,Colorado,Douglas,2021-08-16,19740
72,08,031,0026,44201,1,39.77949,-105.00518,WGS84,Ozone,2021-05-13,06:00,2021-05-13,13:00,0.019,Parts per million,007,1 HOUR,1,HOURLY,0.005,,,FEM,INSTRUMENTAL - ULTRA VIOLET ABSORPTION,087,Colorado,Denver,2021-08-16,19740
73,08,031,0002,44201,6,39.751184,-104.987625,WGS84,Ozone,2021-05-13,06:00,2021-05-13,13:00,0.011,Parts per million,007,1 HOUR,1,HOURLY,0.005,,,FEM,INSTRUMENTAL - ULTRA VIOLET ABSORPTION,087,Colorado,Denver,2021-08-16,19740
74,08,005,0006,44201,1,39.638522,-104.569335,WGS84,Ozone,2021-05-13,06:00,2021-05-13,13:00,0.03,Parts per million,007,1 HOUR,1,HOURLY,0.005,,,FEM,INSTRUMENTAL - ULTRA VIOLET ABSORPTION,087,Colorado,Arapahoe,2021-08-16,19740
75,08,005,0002,44201,1,39.567887,-104.957193,WGS84,Ozone,2021-05-13,06:00,2021-05-13,13:00,,Parts per million,007,1 HOUR,1,HOURLY,0.005,,AY - Q C Control Points (zero/span).,FEM,INSTRUMENTAL - ULTRA VIOLET ABSORPTION,087,Colorado,Arapahoe,2021-08-16,19740
76,08,001,3001,44201,2,39.838119,-104.94984,WGS84,Ozone,2021-05-13,06:00,2021-05-13,13:00,0.009,Parts per million,007,1 HOUR,1,HOURLY,0.005,,,FEM,INSTRUMENTAL - ULTRA VIOLET ABSORPTION,087,Colorado,Adams,2021-08-16,19740
77,08,059,0014,44201,1,39.620408,-105.33872,WGS84,Ozone,2021-05-13,07:00,2021-05-13,14:00,0.029,Parts per million,007,1 HOUR,1,HOURLY,0.005,,,FEM,INSTRUMENTAL - ULTRA VIOLET ABSORPTION,087,Colorado,Jefferson,2021-08-16,19740
78,08,059,0011,44201,1,39.743724,-105.177989,WGS84,Ozone,2021-05-13,07:00,2021-05-13,14:00,0.028,Parts per million,007,1 HOUR,1,HOURLY,0.005,,,FEM,INSTRUMENTAL - ULTRA VIOLET ABSORPTION,087,Colorado,Jefferson,2021-08-16,19740
79,08,059,0006,44201,1,39.912799,-105.188587,WGS84,Ozone,2021-05-13,07:00,2021-05-13,14:00,0.033,Parts per million,007,1 HOUR,1,HOURLY,0.005,,,FEM,INSTRUMENTAL - ULTRA VIOLET ABSORPTION,087,Colorado,Jefferson,2021-08-16,19740
80,08,013,0014,44201,1,40.070016,-105.220238,NAD83,Ozone,2021-05-13,07:00,2021-05-13,14:00,0.029,Parts per million,007,1 HOUR,1,HOURLY,0.005,,,FEM,INSTRUMENTAL - ULTRA VIOLET ABSORPTION,087,Colorado,Boulder,2021-08-16,14500
81,08,047,0003,44201,1,39.792519,-105.49127,NAD83,Ozone,2021-05-13,07:00,2021-05-13,14:00,0.048,Parts per million,007,1 HOUR,1,HOURLY,0.005,,,FEM,INSTRUMENTAL - ULTRA VIOLET ABSORPTION,087,Colorado,Gilpin,2021-08-16,19740
82,08,035,0004,44201,1,39.534488,-105.070358,WGS84,Ozone,2021-05-13,07:00,2021-05-13,14:00,0.031,Parts per million,007,1 HOUR,1,HOURLY,0.005,,,FEM,INSTRUMENTAL - ULTRA VIOLET ABSORPTION,087,Colorado,Douglas,2021-08-16,19740
83,08,031,0026,44201,1,39.77949,-105.00518,WGS84,Ozone,2021-05-13,07:00,2021-05-13,14:00,0.023,Parts per million,007,1 HOUR,1,HOURLY,0.005,,,FEM,INSTRUMENTAL - ULTRA VIOLET ABSORPTION,087,Colorado,Denver,2021-08-16,19740
84,08,031,0002,44201,6,39.751184,-104.987625,WGS84,Ozone,2021-05-13,07:00,2021-05-13,14:00,0.019,Parts per million,007,1 HOUR,1,HOURLY,0.005,,,FEM,INSTRUMENTAL - ULTRA VIOLET ABSORPTION,087,Colorado,Denver,2021-08-16,19740
85,08,005,0006,44201,1,39.638522,-104.569335,WGS84,Ozone,2021-05-13,07:00,2021-05-13,14:00,0.037,Parts per million,007,1 HOUR,1,HOURLY,0.005,,,FEM,INSTRUMENTAL - ULTRA VIOLET ABSORPTION,087,Colorado,Arapahoe,2021-08-16,19740
86,08,005,0002,44201,1,39.567887,-104.957193,WGS84,Ozone,2021-05-13,07:00,2021-05-13,14:00,,Parts per million,007,1 HOUR,1,HOURLY,0.005,,AY - Q C Control Points (zero/span).,FEM,INSTRUMENTAL - ULTRA VIOLET ABSORPTION,087,Colorado,Arapahoe,2021-08-16,19740
87,08,001,3001,44201,2,39.838119,-104.94984,WGS84,Ozone,2021-05-13,07:00,2021-05-13,14:00,0.014,Parts per million,007,1 HOUR,1,HOURLY,0.005,,,FEM,INSTRUMENTAL - ULTRA VIOLET ABSORPTION,087,Colorado,Adams,2021-08-16,19740
88,08,059,0014,44201,1,39.620408,-105.33872,WGS84,Ozone,2021-05-13,08:00,2021-05-13,15:00,0.041,Parts per million,007,1 HOUR,1,HOURLY,0.005,,,FEM,INSTRUMENTAL - ULTRA VIOLET ABSORPTION,087,Colorado,Jefferson,2021-08-16,19740
89,08,059,0011,44201,1,39.743724,-105.177989,WGS84,Ozone,2021-05-13,08:00,2021-05-13,15:00,0.034,Parts per million,007,1 HOUR,1,HOURLY,0.005,,,FEM,INSTRUMENTAL - ULTRA VIOLET ABSORPTION,087,Colorado,Jefferson,2021-08-16,19740
90,08,059,0006,44201,1,39.912799,-105.188587,WGS84,Ozone,2021-05-13,08:00,2021-05-13,15:00,0.031,Parts per million,007,1 HOUR,1,HOURLY,0.005,,,FEM,INSTRUMENTAL - ULTRA VIOLET ABSORPTION,087,Colorado,Jefferson,2021-08-16,19740
91,08,013,0014,44201,1,40.070016,-105.220238,NAD83,Ozone,2021-05-13,08:00,2021-05-13,15:00,0.031,Parts per million,007,1 HOUR,1,HOURLY,0.005,,,FEM,INSTRUMENTAL - ULTRA VIOLET ABSORPTION,087,Colorado,Boulder,2021-08-16,14500
92,08,047,0003,44201,1,39.792519,-105.49127,NAD83,Ozone,2021-05-13,08:00,2021-05-13,15:00,0.052,Parts per million,007,1 HOUR,1,HOURLY,0.005,,,FEM,INSTRUMENTAL - ULTRA VIOLET ABSORPTION,087,Colorado,Gilpin,2021-08-16,19740
93,08,035,0004,44201,1,39.534488,-105.070358,WGS84,Ozone,2021-05-13,08:00,2021-05-13,15:00,0.036,Parts per million,007,1 HOUR,1,HOURLY,0.005,,,FEM,INSTRUMENTAL - ULTRA VIOLET ABSORPTION,087,Colorado,Douglas,2021-08-16,19740
94,08,031,0026,44201,1,39.77949,-105.00518,WGS84,Ozone,2021-05-13,08:00,2021-05-13,15:00,0.031,Parts per million,007,1 HOUR,1,HOURLY,0.005,,,FEM,INSTRUMENTAL - ULTRA VIOLET ABSORPTION,087,Colorado,Denver,2021-08-16,19740
95,08,031,0002,44201,6,39.751184,-104.987625,WGS84,Ozone,2021-05-13,08:00,2021-05-13,15:00,0.025,Parts per million,007,1 HOUR,1,HOURLY,0.005,,,FEM,INSTRUMENTAL - ULTRA VIOLET ABSORPTION,087,Colorado,Denver,2021-08-16,19740
96,08,005,0006,44201,1,39.638522,-104.569335,WGS84,Ozone,2021-05-13,08:00,2021-05-13,15:00,0.042,Parts per million,007,1 HOUR,1,HOURLY,0.005,,,FEM,INSTRUMENTAL - ULTRA VIOLET ABSORPTION,087,Colorado,Arapahoe,2021-08-16,19740
97,08,005,0002,44201,1,39.567887,-104.957193,WGS84,Ozone,2021-05-13,08:00,2021-05-13,15:00,,Parts per million,007,1 HOUR,1,HOURLY,0.005,,AY - Q C Control Points (zero/span).,FEM,INSTRUMENTAL - ULTRA VIOLET ABSORPTION,087,Colorado,Arapahoe,2021-08-16,19740
98,08,001,3001,44201,2,39.838119,-104.94984,WGS84,Ozone,2021-05-13,08:00,2021-05-13,15:00,0.023,Parts per million,007,1 HOUR,1,HOURLY,0.005,,,FEM,INSTRUMENTAL - ULTRA VIOLET ABSORPTION,087,Colorado,Adams,2021-08-16,19740
99,08,059,0014,44201,1,39.620408,-105.33872,WGS84,Ozone,2021-05-13,09:00,2021-05-13,16:00,0.049,Parts per million,007,1 HOUR,1,HOURLY,0.005,,,FEM,INSTRUMENTAL - ULTRA VIOLET ABSORPTION,087,Colorado,Jefferson,2021-08-16,19740
100,08,059,0011,44201,1,39.743724,-105.177989,WGS84,Ozone,2021-05-13,09:00,2021-05-13,16:00,0.044,Parts per million,007,1 HOUR,1,HOURLY,0.005,,,FEM,INSTRUMENTAL - ULTRA VIOLET ABSORPTION,087,Colorado,Jefferson,2021-08-16,19740
101,08,059,0006,44201,1,39.912799,-105.188587,WGS84,Ozone,2021-05-13,09:00,2021-05-13,16:00,0.03,Parts per million,007,1 HOUR,1,HOURLY,0.005,,,FEM,INSTRUMENTAL - ULTRA VIOLET ABSORPTION,087,Colorado,Jefferson,2021-08-16,19740
102,08,013,0014,44201,1,40.070016,-105.220238,NAD83,Ozone,2021-05-13,09:00,2021-05-13,16:00,0.035,Parts per million,007,1 HOUR,1,HOURLY,0.005,,,FEM,INSTRUMENTAL - ULTRA VIOLET ABSORPTION,087,Colorado,Boulder,2021-08-16,14500
103,08,047,0003,44201,1,39.792519,-105.49127,NAD83,Ozone,2021-05-13,09:00,2021-05-13,16:00,0.05,Parts per million,007,1 HOUR,1,HOURLY,0.005,,,FEM,INSTRUMENTAL - ULTRA VIOLET ABSORPTION,087,Colorado,Gilpin,2021-08-16,19740
104,08,035,0004,44201,1,39.534488,-105.070358,WGS84,Ozone,2021-05-13,09:00,2021-05-13,16:00,0.041,Parts per million,007,1 HOUR,1,HOURLY,0.005,,,FEM,INSTRUMENTAL - ULTRA VIOLET ABSORPTION,087,Colorado,Douglas,2021-08-16,19740
105,08,031,0026,44201,1,39.77949,-105.00518,WGS84,Ozone,2021-05-13,09:00,2021-05-13,16:00,0.036,Parts per million,007,1 HOUR,1,HOURLY,0.005,,,FEM,INSTRUMENTAL - ULTRA VIOLET ABSORPTION,087,Colorado,Denver,2021-08-16,19740
106,08,031,0002,44201,6,39.751184,-104.987625,WGS84,Ozone,2021-05-13,09:00,2021-05-13,16:00,0.029,Parts per million,007,1 HOUR,1,HOURLY,0.005,,,FEM,INSTRUMENTAL - ULTRA VIOLET ABSORPTION,087,Colorado,Denver,2021-08-16,19740
107,08,005,0006,44201,1,39.638522,-104.569335,WGS84,Ozone,2021-05-13,09:00,2021-05-13,16:00,0.052,Parts per million,007,1 HOUR,1,HOURLY,0.005,,,FEM,INSTRUMENTAL - ULTRA VIOLET ABSORPTION,087,Colorado,Arapahoe,2021-08-16,19740
108,08,005,0002,44201,1,39.567887,-104.957193,WGS84,Ozone,2021-05-13,09:00,2021-05-13,16:00,,Parts per million,007,1 HOUR,1,HOURLY,0.005,,AY - Q C Control Points (zero/span).,FEM,INSTRUMENTAL - ULTRA VIOLET ABSORPTION,087,Colorado,Arapahoe,2021-08-16,19740
109,08,001,3001,44201,2,39.838119,-104.94984,WGS84,Ozone,2021-05-13,09:00,2021-05-13,16:00,0.033,Parts per million,007,1 HOUR,1,HOURLY,0.005,,,FEM,INSTRUMENTAL - ULTRA VIOLET ABSORPTION,087,Colorado,Adams,2021-08-16,19740
110,08,059,0014,44201,1,39.620408,-105.33872,WGS84,Ozone,2021-05-13,10:00,2021-05-13,17:00,0.046,Parts per million,007,1 HOUR,1,HOURLY,0.005,,,FEM,INSTRUMENTAL - ULTRA VIOLET ABSORPTION,087,Colorado,Jefferson,2021-08-16,19740
111,08,059,0011,44201,1,39.743724,-105.177989,WGS84,Ozone,2021-05-13,10:00,2021-05-13,17:00,0.051,Parts per million,007,1 HOUR,1,HOURLY,0.005,,,FEM,INSTRUMENTAL - ULTRA VIOLET ABSORPTION,087,Colorado,Jefferson,2021-08-16,19740
112,08,059,0006,44201,1,39.912799,-105.188587,WGS84,Ozone,2021-05-13,10:00,2021-05-13,17:00,0.048,Parts per million,007,1 HOUR,1,HOURLY,0.005,,,FEM,INSTRUMENTAL - ULTRA VIOLET ABSORPTION,087,Colorado,Jefferson,2021-08-16,19740
113,08,013,0014,44201,1,40.070016,-105.220238,NAD83,Ozone,2021-05-13,10:00,2021-05-13,17:00,0.045,Parts per million,007,1 HOUR,1,HOURLY,0.005,,,FEM,INSTRUMENTAL - ULTRA VIOLET ABSORPTION,087,Colorado,Boulder,2021-08-16,14500
114,08,047,0003,44201,1,39.792519,-105.49127,NAD83,Ozone,2021-05-13,10:00,2021-05-13,17:00,0.048,Parts per million,007,1 HOUR,1,HOURLY,0.005,,,FEM,INSTRUMENTAL - ULTRA VIOLET ABSORPTION,087,Colorado,Gilpin,2021-08-16,19740
115,08,035,0004,44201,1,39.534488,-105.070358,WGS84,Ozone,2021-05-13,10:00,2021-05-13,17:00,0.052,Parts per million,007,1 HOUR,1,HOURLY,0.005,,,FEM,INSTRUMENTAL - ULTRA VIOLET ABSORPTION,087,Colorado,Douglas,2021-08-16,19740
116,08,031,0026,44201,1,39.77949,-105.00518,WGS84,Ozone,2021-05-13,10:00,2021-05-13,17:00,0.045,Parts per million,007,1 HOUR,1,HOURLY,0.005,,,FEM,INSTRUMENTAL - ULTRA VIOLET ABSORPTION,087,Colorado,Denver,2021-08-16,19740
117,08,031,0002,44201,6,39.751184,-104.987625,WGS84,Ozone,2021-05-13,10:00,2021-05-13,17:00,0.044,Parts per million,007,1 HOUR,1,HOURLY,0.005,,,FEM,INSTRUMENTAL - ULTRA VIOLET ABSORPTION,087,Colorado,Denver,2021-08-16,19740
118,08,005,0006,44201,1,39.638522,-104.569335,WGS84,Ozone,2021-05-13,10:00,2021-05-13,17:00,0.055,Parts per million,007,1 HOUR,1,HOURLY,0.005,,,FEM,INSTRUMENTAL - ULTRA VIOLET ABSORPTION,087,Colorado,Arapahoe,2021-08-16,19740
119,08,005,0002,44201,1,39.567887,-104.957193,WGS84,Ozone,2021-05-13,10:00,2021-05-13,17:00,,Parts per million,007,1 HOUR,1,HOURLY,0.005,,AY - Q C Control Points (zero/span).,FEM,INSTRUMENTAL - ULTRA VIOLET ABSORPTION,087,Colorado,Arapahoe,2021-08-16,19740
120,08,001,3001,44201,2,39.838119,-104.94984,WGS84,Ozone,2021-05-13,10:00,2021-05-13,17:00,0.044,Parts per million,007,1 HOUR,1,HOURLY,0.005,,,FEM,INSTRUMENTAL - ULTRA VIOLET ABSORPTION,087,Colorado,Adams,2021-08-16,19740
121,08,059,0014,44201,1,39.620408,-105.33872,WGS84,Ozone,2021-05-13,11:00,2021-05-13,18:00,0.045,Parts per million,007,1 HOUR,1,HOURLY,0.005,,,FEM,INSTRUMENTAL - ULTRA VIOLET ABSORPTION,087,Colorado,Jefferson,2021-08-16,19740
122,08,059,0011,44201,1,39.743724,-105.177989,WGS84,Ozone,2021-05-13,11:00,2021-05-13,18:00,0.048,Parts per million,007,1 HOUR,1,HOURLY,0.005,,,FEM,INSTRUMENTAL - ULTRA VIOLET ABSORPTION,087,Colorado,Jefferson,2021-08-16,19740
123,08,059,0006,44201,1,39.912799,-105.188587,WGS84,Ozone,2021-05-13,11:00,2021-05-13,18:00,0.049,Parts per million,007,1 HOUR,1,HOURLY,0.005,,,FEM,INSTRUMENTAL - ULTRA VIOLET ABSORPTION,087,Colorado,Jefferson,2021-08-16,19740
124,08,013,0014,44201,1,40.070016,-105.220238,NAD83,Ozone,2021-05-13,11:00,2021-05-13,18:00,0.051,Parts per million,007,1 HOUR,1,HOURLY,0.005,,,FEM,INSTRUMENTAL - ULTRA VIOLET ABSORPTION,087,Colorado,Boulder,2021-08-16,14500
125,08,047,0003,44201,1,39.792519,-105.49127,NAD83,Ozone,2021-05-13,11:00,2021-05-13,18:00,0.044,Parts per million,007,1 HOUR,1,HOURLY,0.005,,,FEM,INSTRUMENTAL - ULTRA VIOLET ABSORPTION,087,Colorado,Gilpin,2021-08-16,19740
126,08,035,0004,44201,1,39.534488,-105.070358,WGS84,Ozone,2021-05-13,11:00,2021-05-13,18:00,0.055,Parts per million,007,1 HOUR,1,HOURLY,0.005,,,FEM,INSTRUMENTAL - ULTRA VIOLET ABSORPTION,087,Colorado,Douglas,2021-08-16,19740
127,08,031,0026,44201,1,39.77949,-105.00518,WGS84,Ozone,2021-05-13,11:00,2021-05-13,18:00,0.051,Parts per million,007,1 HOUR,1,HOURLY,0.005,,,FEM,INSTRUMENTAL - ULTRA VIOLET ABSORPTION,087,Colorado,Denver,2021-08-16,19740
128,08,031,0002,44201,6,39.751184,-104.987625,WGS84,Ozone,2021-05-13,11:00,2021-05-13,18:00,0.044,Parts per million,007,1 HOUR,1,HOURLY,0.005,,,FEM,INSTRUMENTAL - ULTRA VIOLET ABSORPTION,087,Colorado,Denver,2021-08-16,19740
129,08,005,0006,44201,1,39.638522,-104.569335,WGS84,Ozone,2021-05-13,11:00,2021-05-13,18:00,0.055,Parts per million,007,1 HOUR,1,HOURLY,0.005,,,FEM,INSTRUMENTAL - ULTRA VIOLET ABSORPTION,087,Colorado,Arapahoe,2021-08-16,19740
130,08,005,0002,44201,1,39.567887,-104.957193,WGS84,Ozone,2021-05-13,11:00,2021-05-13,18:00,,Parts per million,007,1 HOUR,1,HOURLY,0.005,,AY - Q C Control Points (zero/span).,FEM,INSTRUMENTAL - ULTRA VIOLET ABSORPTION,087,Colorado,Arapahoe,2021-08-16,19740
131,08,001,3001,44201,2,39.838119,-104.94984,WGS84,Ozone,2021-05-13,11:00,2021-05-13,18:00,0.051,Parts per million,007,1 HOUR,1,HOURLY,0.005,,,FEM,INSTRUMENTAL - ULTRA VIOLET ABSORPTION,087,Colorado,Adams,2021-08-16,19740
132,08,059,0014,44201,1,39.620408,-105.33872,WGS84,Ozone,2021-05-13,12:00,2021-05-13,19:00,0.045,Parts per million,007,1 HOUR,1,HOURLY,0.005,,,FEM,INSTRUMENTAL - ULTRA VIOLET ABSORPTION,087,Colorado,Jefferson,2021-08-16,19740
133,08,059,0011,44201,1,39.743724,-105.177989,WGS84,Ozone,2021-05-13,12:00,2021-05-13,19:00,0.047,Parts per million,007,1 HOUR,1,HOURLY,0.005,,,FEM,INSTRUMENTAL - ULTRA VIOLET ABSORPTION,087,Colorado,Jefferson,2021-08-16,19740
134,08,059,0006,44201,1,39.912799,-105.188587,WGS84,Ozone,2021-05-13,12:00,2021-05-13,19:00,0.049,Parts per million,007,1 HOUR,1,HOURLY,0.005,,,FEM,INSTRUMENTAL - ULTRA VIOLET ABSORPTION,087,Colorado,Jefferson,2021-08-16,19740
135,08,013,0014,44201,1,40.070016,-105.220238,NAD83,Ozone,2021-05-13,12:00,2021-05-13,19:00,0.052,Parts per million,007,1 HOUR,1,HOURLY,0.005,,,FEM,INSTRUMENTAL - ULTRA VIOLET ABSORPTION,087,Colorado,Boulder,2021-08-16,14500
136,08,047,0003,44201,1,39.792519,-105.49127,NAD83,Ozone,2021-05-13,12:00,2021-05-13,19:00,0.044,Parts per million,007,1 HOUR,1,HOURLY,0.005,,,FEM,INSTRUMENTAL - ULTRA VIOLET ABSORPTION,087,Colorado,Gilpin,2021-08-16,19740
137,08,035,0004,44201,1,39.534488,-105.070358,WGS84,Ozone,2021-05-13,12:00,2021-05-13,19:00,0.054,Parts per million,007,1 HOUR,1,HOURLY,0.005,,,FEM,INSTRUMENTAL - ULTRA VIOLET ABSORPTION,087,Colorado,Douglas,2021-08-16,19740
138,08,031,0026,44201,1,39.77949,-105.00518,WGS84,Ozone,2021-05-13,12:00,2021-05-13,19:00,0.049,Parts per million,007,1 HOUR,1,HOURLY,0.005,,,FEM,INSTRUMENTAL - ULTRA VIOLET ABSORPTION,087,Colorado,Denver,2021-08-16,19740
139,08,031,0002,44201,6,39.751184,-104.987625,WGS84,Ozone,2021-05-13,12:00,2021-05-13,19:00,0.044,Parts per million,007,1 HOUR,1,HOURLY,0.005,,,FEM,INSTRUMENTAL - ULTRA VIOLET ABSORPTION,087,Colorado,Denver,2021-08-16,19740
140,08,005,0006,44201,1,39.638522,-104.569335,WGS84,Ozone,2021-05-13,12:00,2021-05-13,19:00,0.055,Parts per million,007,1 HOUR,1,HOURLY,0.005,,,FEM,INSTRUMENTAL - ULTRA VIOLET ABSORPTION,087,Colorado,Arapahoe,2021-08-16,19740
141,08,005,0002,44201,1,39.567887,-104.957193,WGS84,Ozone,2021-05-13,12:00,2021-05-13,19:00,,Parts per million,007,1 HOUR,1,HOURLY,0.005,,AY - Q C Control Points (zero/span).,FEM,INSTRUMENTAL - ULTRA VIOLET ABSORPTION,087,Colorado,Arapahoe,2021-08-16,19740
142,08,001,3001,44201,2,39.838119,-104.94984,WGS84,Ozone,2021-05-13,12:00,2021-05-13,19:00,0.051,Parts per million,007,1 HOUR,1,HOURLY,0.005,,,FEM,INSTRUMENTAL - ULTRA VIOLET ABSORPTION,087,Colorado,Adams,2021-08-16,19740
143,08,059,0014,44201,1,39.620408,-105.33872,WGS84,Ozone,2021-05-13,13:00,2021-05-13,20:00,0.044,Parts per million,007,1 HOUR,1,HOURLY,0.005,,,FEM,INSTRUMENTAL - ULTRA VIOLET ABSORPTION,087,Colorado,Jefferson,2021-08-16,19740
144,08,059,0011,44201,1,39.743724,-105.177989,WGS84,Ozone,2021-05-13,13:00,2021-05-13,20:00,0.047,Parts per million,007,1 HOUR,1,HOURLY,0.005,,,FEM,INSTRUMENTAL - ULTRA VIOLET ABSORPTION,087,Colorado,Jefferson,2021-08-16,19740
145,08,059,0006,44201,1,39.912799,-105.188587,WGS84,Ozone,2021-05-13,13:00,2021-05-13,20:00,0.051,Parts per million,007,1 HOUR,1,HOURLY,0.005,,,FEM,INSTRUMENTAL - ULTRA VIOLET ABSORPTION,087,Colorado,Jefferson,2021-08-16,19740
146,08,013,0014,44201,1,40.070016,-105.220238,NAD83,Ozone,2021-05-13,13:00,2021-05-13,20:00,0.055,Parts per million,007,1 HOUR,1,HOURLY,0.005,,,FEM,INSTRUMENTAL - ULTRA VIOLET ABSORPTION,087,Colorado,Boulder,2021-08-16,14500
147,08,047,0003,44201,1,39.792519,-105.49127,NAD83,Ozone,2021-05-13,13:00,2021-05-13,20:00,0.046,Parts per million,007,1 HOUR,1,HOURLY,0.005,,,FEM,INSTRUMENTAL - ULTRA VIOLET ABSORPTION,087,Colorado,Gilpin,2021-08-16,19740
148,08,035,0004,44201,1,39.534488,-105.070358,WGS84,Ozone,2021-05-13,13:00,2021-05-13,20:00,0.052,Parts per million,007,1 HOUR,1,HOURLY,0.005,,,FEM,INSTRUMENTAL - ULTRA VIOLET ABSORPTION,087,Colorado,Douglas,2021-08-16,19740
149,08,031,0026,44201,1,39.77949,-105.00518,WGS84,Ozone,2021-05-13,13:00,2021-05-13,20:00,0.049,Parts per million,007,1 HOUR,1,HOURLY,0.005,,,FEM,INSTRUMENTAL - ULTRA VIOLET ABSORPTION,087,Colorado,Denver,2021-08-16,19740
150,08,031,0002,44201,6,39.751184,-104.987625,WGS84,Ozone,2021-05-13,13:00,2021-05-13,20:00,0.041,Parts per million,007,1 HOUR,1,HOURLY,0.005,,,FEM,INSTRUMENTAL - ULTRA VIOLET ABSORPTION,087,Colorado,Denver,2021-08-16,19740
151,08,005,0006,44201,1,39.638522,-104.569335,WGS84,Ozone,2021-05-13,13:00,2021-05-13,20:00,0.057,Parts per million,007,1 HOUR,1,HOURLY,0.005,,,FEM,INSTRUMENTAL - ULTRA VIOLET ABSORPTION,087,Colorado,Arapahoe,2021-08-16,19740
152,08,005,0002,44201,1,39.567887,-104.957193,WGS84,Ozone,2021-05-13,13:00,2021-05-13,20:00,,Parts per million,007,1 HOUR,1,HOURLY,0.005,,AY - Q C Control Points (zero/span).,FEM,INSTRUMENTAL - ULTRA VIOLET ABSORPTION,087,Colorado,Arapahoe,2021-08-16,19740
153,08,001,3001,44201,2,39.838119,-104.94984,WGS84,Ozone,2021-05-13,13:00,2021-05-13,20:00,0.056,Parts per million,007,1 HOUR,1,HOURLY,0.005,,,FEM,INSTRUMENTAL - ULTRA VIOLET ABSORPTION,087,Colorado,Adams,2021-08-16,19740
154,08,059,0014,44201,1,39.620408,-105.33872,WGS84,Ozone,2021-05-13,14:00,2021-05-13,21:00,0.045,Parts per million,007,1 HOUR,1,HOURLY,0.005,,,FEM,INSTRUMENTAL - ULTRA VIOLET ABSORPTION,087,Colorado,Jefferson,2021-08-16,19740
155,08,059,0011,44201,1,39.743724,-105.177989,WGS84,Ozone,2021-05-13,14:00,2021-05-13,21:00,0.049,Parts per million,007,1 HOUR,1,HOURLY,0.005,,,FEM,INSTRUMENTAL - ULTRA VIOLET ABSORPTION,087,Colorado,Jefferson,2021-08-16,19740
156,08,059,0006,44201,1,39.912799,-105.188587,WGS84,Ozone,2021-05-13,14:00,2021-05-13,21:00,0.055,Parts per million,007,1 HOUR,1,HOURLY,0.005,,,FEM,INSTRUMENTAL - ULTRA VIOLET ABSORPTION,087,Colorado,Jefferson,2021-08-16,19740
157,08,013,0014,44201,1,40.070016,-105.220238,NAD83,Ozone,2021-05-13,14:00,2021-05-13,21:00,0.054,Parts per million,007,1 HOUR,1,HOURLY,0.005,,,FEM,INSTRUMENTAL - ULTRA VIOLET ABSORPTION,087,Colorado,Boulder,2021-08-16,14500
158,08,047,0003,44201,1,39.792519,-105.49127,NAD83,Ozone,2021-05-13,14:00,2021-05-13,21:00,0.045,Parts per million,007,1 HOUR,1,HOURLY,0.005,,,FEM,INSTRUMENTAL - ULTRA VIOLET ABSORPTION,087,Colorado,Gilpin,2021-08-16,19740
159,08,035,0004,44201,1,39.534488,-105.070358,WGS84,Ozone,2021-05-13,14:00,2021-05-13,21:00,0.049,Parts per million,007,1 HOUR,1,HOURLY,0.005,,,FEM,INSTRUMENTAL - ULTRA VIOLET ABSORPTION,087,Colorado,Douglas,2021-08-16,19740
160,08,031,0026,44201,1,39.77949,-105.00518,WGS84,Ozone,2021-05-13,14:00,2021-05-13,21:00,0.048,Parts per million,007,1 HOUR,1,HOURLY,0.005,,,FEM,INSTRUMENTAL - ULTRA VIOLET ABSORPTION,087,Colorado,Denver,2021-08-16,19740
161,08,031,0002,44201,6,39.751184,-104.987625,WGS84,Ozone,2021-05-13,14:00,2021-05-13,21:00,0.04,Parts per million,007,1 HOUR,1,HOURLY,0.005,,,FEM,INSTRUMENTAL - ULTRA VIOLET ABSORPTION,087,Colorado,Denver,2021-08-16,19740
162,08,005,0006,44201,1,39.638522,-104.569335,WGS84,Ozone,2021-05-13,14:00,2021-05-13,21:00,0.058,Parts per million,007,1 HOUR,1,HOURLY,0.005,,,FEM,INSTRUMENTAL - ULTRA VIOLET ABSORPTION,087,Colorado,Arapahoe,2021-08-16,19740
163,08,005,0002,44201,1,39.567887,-104.957193,WGS84,Ozone,2021-05-13,14:00,2021-05-13,21:00,,Parts per million,007,1 HOUR,1,HOURLY,0.005,,AY - Q C Control Points (zero/span).,FEM,INSTRUMENTAL - ULTRA VIOLET ABSORPTION,087,Colorado,Arapahoe,2021-08-16,19740
164,08,001,3001,44201,2,39.838119,-104.94984,WGS84,Ozone,2021-05-13,14:00,2021-05-13,21:00,0.054,Parts per million,007,1 HOUR,1,HOURLY,0.005,,,FEM,INSTRUMENTAL - ULTRA VIOLET ABSORPTION,087,Colorado,Adams,2021-08-16,19740
165,08,059,0014,44201,1,39.620408,-105.33872,WGS84,Ozone,2021-05-13,15:00,2021-05-13,22:00,0.046,Parts per million,007,1 HOUR,1,HOURLY,0.005,,,FEM,INSTRUMENTAL - ULTRA VIOLET ABSORPTION,087,Colorado,Jefferson,2021-08-16,19740
166,08,059,0011,44201,1,39.743724,-105.177989,WGS84,Ozone,2021-05-13,15:00,2021-05-13,22:00,0.053,Parts per million,007,1 HOUR,1,HOURLY,0.005,,,FEM,INSTRUMENTAL - ULTRA VIOLET ABSORPTION,087,Colorado,Jefferson,2021-08-16,19740
167,08,059,0006,44201,1,39.912799,-105.188587,WGS84,Ozone,2021-05-13,15:00,2021-05-13,22:00,0.056,Parts per million,007,1 HOUR,1,HOURLY,0.005,,,FEM,INSTRUMENTAL - ULTRA VIOLET ABSORPTION,087,Colorado,Jefferson,2021-08-16,19740
168,08,013,0014,44201,1,40.070016,-105.220238,NAD83,Ozone,2021-05-13,15:00,2021-05-13,22:00,0.053,Parts per million,007,1 HOUR,1,HOURLY,0.005,,,FEM,INSTRUMENTAL - ULTRA VIOLET ABSORPTION,087,Colorado,Boulder,2021-08-16,14500
169,08,047,0003,44201,1,39.792519,-105.49127,NAD83,Ozone,2021-05-13,15:00,2021-05-13,22:00,0.046,Parts per million,007,1 HOUR,1,HOURLY,0.005,,,FEM,INSTRUMENTAL - ULTRA VIOLET ABSORPTION,087,Colorado,Gilpin,2021-08-16,19740
170,08,035,0004,44201,1,39.534488,-105.070358,WGS84,Ozone,2021-05-13,15:00,2021-05-13,22:00,0.051,Parts per million,007,1 HOUR,1,HOURLY,0.005,,,FEM,INSTRUMENTAL - ULTRA VIOLET ABSORPTION,087,Colorado,Douglas,2021-08-16,19740
171,08,031,0026,44201,1,39.77949,-105.00518,WGS84,Ozone,2021-05-13,15:00,2021-05-13,22:00,0.049,Parts per million,007,1 HOUR,1,HOURLY,0.005,,,FEM,INSTRUMENTAL - ULTRA VIOLET ABSORPTION,087,Colorado,Denver,2021-08-16,19740
172,08,031,0002,44201,6,39.751184,-104.987625,WGS84,Ozone,2021-05-13,15:00,2021-05-13,22:00,0.04,Parts per million,007,1 HOUR,1,HOURLY,0.005,,,FEM,INSTRUMENTAL - ULTRA VIOLET ABSORPTION,087,Colorado,Denver,2021-08-16,19740
173,08,005,0006,44201,1,39.638522,-104.569335,WGS84,Ozone,2021-05-13,15:00,2021-05-13,22:00,0.057,Parts per million,007,1 HOUR,1,HOURLY,0.005,,,FEM,INSTRUMENTAL - ULTRA VIOLET ABSORPTION,087,Colorado,Arapahoe,2021-08-16,19740
174,08,005,0002,44201,1,39.567887,-104.957193,WGS84,Ozone,2021-05-13,15:00,2021-05-13,22:00,,Parts per million,007,1 HOUR,1,HOURLY,0.005,,AY - Q C Control Points (zero/span).,FEM,INSTRUMENTAL - ULTRA VIOLET ABSORPTION,087,Colorado,Arapahoe,2021-08-16,19740
175,08,001,3001,44201,2,39.838119,-104.94984,WGS84,Ozone,2021-05-13,15:00,2021-05-13,22:00,0.051,Parts per million,007,1 HOUR,1,HOURLY,0.005,,,FEM,INSTRUMENTAL - ULTRA VIOLET ABSORPTION,087,Colorado,Adams,2021-08-16,19740
176,08,059,0014,44201,1,39.620408,-105.33872,WGS84,Ozone,2021-05-13,16:00,2021-05-13,23:00,0.045,Parts per million,007,1 HOUR,1,HOURLY,0.005,,,FEM,INSTRUMENTAL - ULTRA VIOLET ABSORPTION,087,Colorado,Jefferson,2021-08-16,19740
177,08,059,0011,44201,1,39.743724,-105.177989,WGS84,Ozone,2021-05-13,16:00,2021-05-13,23:00,0.052,Parts per million,007,1 HOUR,1,HOURLY,0.005,,,FEM,INSTRUMENTAL - ULTRA VIOLET ABSORPTION,087,Colorado,Jefferson,2021-08-16,19740
178,08,059,0006,44201,1,39.912799,-105.188587,WGS84,Ozone,2021-05-13,16:00,2021-05-13,23:00,0.052,Parts per million,007,1 HOUR,1,HOURLY,0.005,,,FEM,INSTRUMENTAL - ULTRA VIOLET ABSORPTION,087,Colorado,Jefferson,2021-08-16,19740
179,08,013,0014,44201,1,40.070016,-105.220238,NAD83,Ozone,2021-05-13,16:00,2021-05-13,23:00,0.052,Parts per million,007,1 HOUR,1,HOURLY,0.005,,,FEM,INSTRUMENTAL - ULTRA VIOLET ABSORPTION,087,Colorado,Boulder,2021-08-16,14500
180,08,047,0003,44201,1,39.792519,-105.49127,NAD83,Ozone,2021-05-13,16:00,2021-05-13,23:00,0.046,Parts per million,007,1 HOUR,1,HOURLY,0.005,,,FEM,INSTRUMENTAL - ULTRA VIOLET ABSORPTION,087,Colorado,Gilpin,2021-08-16,19740
181,08,035,0004,44201,1,39.534488,-105.070358,WGS84,Ozone,2021-05-13,16:00,2021-05-13,23:00,0.051,Parts per million,007,1 HOUR,1,HOURLY,0.005,,,FEM,INSTRUMENTAL - ULTRA VIOLET ABSORPTION,087,Colorado,Douglas,2021-08-16,19740
182,08,031,0026,44201,1,39.77949,-105.00518,WGS84,Ozone,2021-05-13,16:00,2021-05-13,23:00,0.051,Parts per million,007,1 HOUR,1,HOURLY,0.005,,,FEM,INSTRUMENTAL - ULTRA VIOLET ABSORPTION,087,Colorado,Denver,2021-08-16,19740
183,08,031,0002,44201,6,39.751184,-104.987625,WGS84,Ozone,2021-05-13,16:00,2021-05-13,23:00,0.041,Parts per million,007,1 HOUR,1,HOURLY,0.005,,,FEM,INSTRUMENTAL - ULTRA VIOLET ABSORPTION,087,Colorado,Denver,2021-08-16,19740
184,08,005,0006,44201,1,39.638522,-104.569335,WGS84,Ozone,2021-05-13,16:00,2021-05-13,23:00,0.056,Parts per million,007,1 HOUR,1,HOURLY,0.005,,,FEM,INSTRUMENTAL - ULTRA VIOLET ABSORPTION,087,Colorado,Arapahoe,2021-08-16,19740
185,08,005,0002,44201,1,39.567887,-104.957193,WGS84,Ozone,2021-05-13,16:00,2021-05-13,23:00,,Parts per million,007,1 HOUR,1,HOURLY,0.005,,AY - Q C Control Points (zero/span).,FEM,INSTRUMENTAL - ULTRA VIOLET ABSORPTION,087,Colorado,Arapahoe,2021-08-16,19740
186,08,001,3001,44201,2,39.838119,-104.94984,WGS84,Ozone,2021-05-13,16:00,2021-05-13,23:00,0.053,Parts per million,007,1 HOUR,1,HOURLY,0.005,,,FEM,INSTRUMENTAL - ULTRA VIOLET ABSORPTION,087,Colorado,Adams,2021-08-16,19740
187,08,059,0014,44201,1,39.620408,-105.33872,WGS84,Ozone,2021-05-13,17:00,2021-05-14,00:00,0.046,Parts per million,007,1 HOUR,1,HOURLY,0.005,,,FEM,INSTRUMENTAL - ULTRA VIOLET ABSORPTION,087,Colorado,Jefferson,2021-08-16,19740
188,08,059,0011,44201,1,39.743724,-105.177989,WGS84,Ozone,2021-05-13,17:00,2021-05-14,00:00,0.049,Parts per million,007,1 HOUR,1,HOURLY,0.005,,,FEM,INSTRUMENTAL - ULTRA VIOLET ABSORPTION,087,Colorado,Jefferson,2021-08-16,19740
189,08,059,0006,44201,1,39.912799,-105.188587,WGS84,Ozone,2021-05-13,17:00,2021-05-14,00:00,0.052,Parts per million,007,1 HOUR,1,HOURLY,0.005,,,FEM,INSTRUMENTAL - ULTRA VIOLET ABSORPTION,087,Colorado,Jefferson,2021-08-16,19740
190,08,013,0014,44201,1,40.070016,-105.220238,NAD83,Ozone,2021-05-13,17:00,2021-05-14,00:00,0.052,Parts per million,007,1 HOUR,1,HOURLY,0.005,,,FEM,INSTRUMENTAL - ULTRA VIOLET ABSORPTION,087,Colorado,Boulder,2021-08-16,14500
191,08,047,0003,44201,1,39.792519,-105.49127,NAD83,Ozone,2021-05-13,17:00,2021-05-14,00:00,0.05,Parts per million,007,1 HOUR,1,HOURLY,0.005,,,FEM,INSTRUMENTAL - ULTRA VIOLET ABSORPTION,087,Colorado,Gilpin,2021-08-16,19740
192,08,035,0004,44201,1,39.534488,-105.070358,WGS84,Ozone,2021-05-13,17:00,2021-05-14,00:00,0.05,Parts per million,007,1 HOUR,1,HOURLY,0.005,,,FEM,INSTRUMENTAL - ULTRA VIOLET ABSORPTION,087,Colorado,Douglas,2021-08-16,19740
193,08,031,0026,44201,1,39.77949,-105.00518,WGS84,Ozone,2021-05-13,17:00,2021-05-14,00:00,0.049,Parts per million,007,1 HOUR,1,HOURLY,0.005,,,FEM,INSTRUMENTAL - ULTRA VIOLET ABSORPTION,087,Colorado,Denver,2021-08-16,19740
194,08,031,0002,44201,6,39.751184,-104.987625,WGS84,Ozone,2021-05-13,17:00,2021-05-14,00:00,0.042,Parts per million,007,1 HOUR,1,HOURLY,0.005,,,FEM,INSTRUMENTAL - ULTRA VIOLET ABSORPTION,087,Colorado,Denver,2021-08-16,19740
195,08,005,0006,44201,1,39.638522,-104.569335,WGS84,Ozone,2021-05-13,17:00,2021-05-14,00:00,0.051,Parts per million,007,1 HOUR,1,HOURLY,0.005,,,FEM,INSTRUMENTAL - ULTRA VIOLET ABSORPTION,087,Colorado,Arapahoe,2021-08-16,19740
196,08,005,0002,44201,1,39.567887,-104.957193,WGS84,Ozone,2021-05-13,17:00,2021-05-14,00:00,,Parts per million,007,1 HOUR,1,HOURLY,0.005,,AY - Q C Control Points (zero/span).,FEM,INSTRUMENTAL - ULTRA VIOLET ABSORPTION,087,Colorado,Arapahoe,2021-08-16,19740
197,08,001,3001,44201,2,39.838119,-104.94984,WGS84,Ozone,2021-05-13,17:00,2021-05-14,00:00,0.052,Parts per million,007,1 HOUR,1,HOURLY,0.005,,,FEM,INSTRUMENTAL - ULTRA VIOLET ABSORPTION,087,Colorado,Adams,2021-08-16,19740
198,08,059,0014,44201,1,39.620408,-105.33872,WGS84,Ozone,2021-05-13,18:00,2021-05-14,01:00,0.043,Parts per million,007,1 HOUR,1,HOURLY,0.005,,,FEM,INSTRUMENTAL - ULTRA VIOLET ABSORPTION,087,Colorado,Jefferson,2021-08-16,19740
199,08,059,0011,44201,1,39.743724,-105.177989,WGS84,Ozone,2021-05-13,18:00,2021-05-14,01:00,0.049,Parts per million,007,1 HOUR,1,HOURLY,0.005,,,FEM,INSTRUMENTAL - ULTRA VIOLET ABSORPTION,087,Colorado,Jefferson,2021-08-16,19740
200,08,059,0006,44201,1,39.912799,-105.188587,WGS84,Ozone,2021-05-13,18:00,2021-05-14,01:00,0.05,Parts per million,007,1 HOUR,1,HOURLY,0.005,,,FEM,INSTRUMENTAL - ULTRA VIOLET ABSORPTION,087,Colorado,Jefferson,2021-08-16,19740
201,08,013,0014,44201,1,40.070016,-105.220238,NAD83,Ozone,2021-05-13,18:00,2021-05-14,01:00,0.05,Parts per million,007,1 HOUR,1,HOURLY,0.005,,,FEM,INSTRUMENTAL - ULTRA VIOLET ABSORPTION,087,Colorado,Boulder,2021-08-16,14500
202,08,047,0003,44201,1,39.792519,-105.49127,NAD83,Ozone,2021-05-13,18:00,2021-05-14,01:00,0.047,Parts per million,007,1 HOUR,1,HOURLY,0.005,,,FEM,INSTRUMENTAL - ULTRA VIOLET ABSORPTION,087,Colorado,Gilpin,2021-08-16,19740
203,08,035,0004,44201,1,39.534488,-105.070358,WGS84,Ozone,2021-05-13,18:00,2021-05-14,01:00,0.041,Parts per million,007,1 HOUR,1,HOURLY,0.005,,,FEM,INSTRUMENTAL - ULTRA VIOLET ABSORPTION,087,Colorado,Douglas,2021-08-16,19740
204,08,031,0026,44201,1,39.77949,-105.00518,WGS84,Ozone,2021-05-13,18:00,2021-05-14,01:00,0.048,Parts per million,007,1 HOUR,1,HOURLY,0.005,,,FEM,INSTRUMENTAL - ULTRA VIOLET ABSORPTION,087,Colorado,Denver,2021-08-16,19740
205,08,031,0002,44201,6,39.751184,-104.987625,WGS84,Ozone,2021-05-13,18:00,2021-05-14,01:00,0.042,Parts per million,007,1 HOUR,1,HOURLY,0.005,,,FEM,INSTRUMENTAL - ULTRA VIOLET ABSORPTION,087,Colorado,Denver,2021-08-16,19740
206,08,005,0006,44201,1,39.638522,-104.569335,WGS84,Ozone,2021-05-13,18:00,2021-05-14,01:00,0.05,Parts per million,007,1 HOUR,1,HOURLY,0.005,,,FEM,INSTRUMENTAL - ULTRA VIOLET ABSORPTION,087,Colorado,Arapahoe,2021-08-16,19740
207,08,005,0002,44201,1,39.567887,-104.957193,WGS84,Ozone,2021-05-13,18:00,2021-05-14,01:00,,Parts per million,007,1 HOUR,1,HOURLY,0.005,,AY - Q C Control Points (zero/span).,FEM,INSTRUMENTAL - ULTRA VIOLET ABSORPTION,087,Colorado,Arapahoe,2021-08-16,19740
208,08,001,3001,44201,2,39.838119,-104.94984,WGS84,Ozone,2021-05-13,18:00,2021-05-14,01:00,0.048,Parts per million,007,1 HOUR,1,HOURLY,0.005,,,FEM,INSTRUMENTAL - ULTRA VIOLET ABSORPTION,087,Colorado,Adams,2021-08-16,19740
209,08,059,0014,44201,1,39.620408,-105.33872,WGS84,Ozone,2021-05-13,19:00,2021-05-14,02:00,0.035,Parts per million,007,1 HOUR,1,HOURLY,0.005,,,FEM,INSTRUMENTAL - ULTRA VIOLET ABSORPTION,087,Colorado,Jefferson,2021-08-16,19740
210,08,059,0011,44201,1,39.743724,-105.177989,WGS84,Ozone,2021-05-13,19:00,2021-05-14,02:00,0.046,Parts per million,007,1 HOUR,1,HOURLY,0.005,,,FEM,INSTRUMENTAL - ULTRA VIOLET ABSORPTION,087,Colorado,Jefferson,2021-08-16,19740
211,08,059,0006,44201,1,39.912799,-105.188587,WGS84,Ozone,2021-05-13,19:00,2021-05-14,02:00,0.051,Parts per million,007,1 HOUR,1,HOURLY,0.005,,,FEM,INSTRUMENTAL - ULTRA VIOLET ABSORPTION,087,Colorado,Jefferson,2021-08-16,19740
212,08,013,0014,44201,1,40.070016,-105.220238,NAD83,Ozone,2021-05-13,19:00,2021-05-14,02:00,0.034,Parts per million,007,1 HOUR,1,HOURLY,0.005,,,FEM,INSTRUMENTAL - ULTRA VIOLET ABSORPTION,087,Colorado,Boulder,2021-08-16,14500
213,08,047,0003,44201,1,39.792519,-105.49127,NAD83,Ozone,2021-05-13,19:00,2021-05-14,02:00,0.042,Parts per million,007,1 HOUR,1,HOURLY,0.005,,,FEM,INSTRUMENTAL - ULTRA VIOLET ABSORPTION,087,Colorado,Gilpin,2021-08-16,19740
214,08,035,0004,44201,1,39.534488,-105.070358,WGS84,Ozone,2021-05-13,19:00,2021-05-14,02:00,0.038,Parts per million,007,1 HOUR,1,HOURLY,0.005,,,FEM,INSTRUMENTAL - ULTRA VIOLET ABSORPTION,087,Colorado,Douglas,2021-08-16,19740
215,08,031,0026,44201,1,39.77949,-105.00518,WGS84,Ozone,2021-05-13,19:00,2021-05-14,02:00,0.032,Parts per million,007,1 HOUR,1,HOURLY,0.005,,,FEM,INSTRUMENTAL - ULTRA VIOLET ABSORPTION,087,Colorado,Denver,2021-08-16,19740
216,08,031,0002,44201,6,39.751184,-104.987625,WGS84,Ozone,2021-05-13,19:00,2021-05-14,02:00,0.036,Parts per million,007,1 HOUR,1,HOURLY,0.005,,,FEM,INSTRUMENTAL - ULTRA VIOLET ABSORPTION,087,Colorado,Denver,2021-08-16,19740
217,08,005,0006,44201,1,39.638522,-104.569335,WGS84,Ozone,2021-05-13,19:00,2021-05-14,02:00,0.051,Parts per million,007,1 HOUR,1,HOURLY,0.005,,,FEM,INSTRUMENTAL - ULTRA VIOLET ABSORPTION,087,Colorado,Arapahoe,2021-08-16,19740
218,08,005,0002,44201,1,39.567887,-104.957193,WGS84,Ozone,2021-05-13,19:00,2021-05-14,02:00,,Parts per million,007,1 HOUR,1,HOURLY,0.005,,AY - Q C Control Points (zero/span).,FEM,INSTRUMENTAL - ULTRA VIOLET ABSORPTION,087,Colorado,Arapahoe,2021-08-16,19740
219,08,001,3001,44201,2,39.838119,-104.94984,WGS84,Ozone,2021-05-13,19:00,2021-05-14,02:00,0.039,Parts per million,007,1 HOUR,1,HOURLY,0.005,,,FEM,INSTRUMENTAL - ULTRA VIOLET ABSORPTION,087,Colorado,Adams,2021-08-16,19740
220,08,059,0014,44201,1,39.620408,-105.33872,WGS84,Ozone,2021-05-13,20:00,2021-05-14,03:00,0.029,Parts per million,007,1 HOUR,1,HOURLY,0.005,,,FEM,INSTRUMENTAL - ULTRA VIOLET ABSORPTION,087,Colorado,Jefferson,2021-08-16,19740
221,08,059,0011,44201,1,39.743724,-105.177989,WGS84,Ozone,2021-05-13,20:00,2021-05-14,03:00,0.041,Parts per million,007,1 HOUR,1,HOURLY,0.005,,,FEM,INSTRUMENTAL - ULTRA VIOLET ABSORPTION,087,Colorado,Jefferson,2021-08-16,19740
222,08,059,0006,44201,1,39.912799,-105.188587,WGS84,Ozone,2021-05-13,20:00,2021-05-14,03:00,0.046,Parts per million,007,1 HOUR,1,HOURLY,0.005,,,FEM,INSTRUMENTAL - ULTRA VIOLET ABSORPTION,087,Colorado,Jefferson,2021-08-16,19740
223,08,013,0014,44201,1,40.070016,-105.220238,NAD83,Ozone,2021-05-13,20:00,2021-05-14,03:00,0.034,Parts per million,007,1 HOUR,1,HOURLY,0.005,,,FEM,INSTRUMENTAL - ULTRA VIOLET ABSORPTION,087,Colorado,Boulder,2021-08-16,14500
224,08,047,0003,44201,1,39.792519,-105.49127,NAD83,Ozone,2021-05-13,20:00,2021-05-14,03:00,0.04,Parts per million,007,1 HOUR,1,HOURLY,0.005,,,FEM,INSTRUMENTAL - ULTRA VIOLET ABSORPTION,087,Colorado,Gilpin,2021-08-16,19740
225,08,035,0004,44201,1,39.534488,-105.070358,WGS84,Ozone,2021-05-13,20:00,2021-05-14,03:00,0.036,Parts per million,007,1 HOUR,1,HOURLY,0.005,,,FEM,INSTRUMENTAL - ULTRA VIOLET ABSORPTION,087,Colorado,Douglas,2021-08-16,19740
226,08,031,0026,44201,1,39.77949,-105.00518,WGS84,Ozone,2021-05-13,20:00,2021-05-14,03:00,0.018,Parts per million,007,1 HOUR,1,HOURLY,0.005,,,FEM,INSTRUMENTAL - ULTRA VIOLET ABSORPTION,087,Colorado,Denver,2021-08-16,19740
227,08,031,0002,44201,6,39.751184,-104.987625,WGS84,Ozone,2021-05-13,20:00,2021-05-14,03:00,0.028,Parts per million,007,1 HOUR,1,HOURLY,0.005,,,FEM,INSTRUMENTAL - ULTRA VIOLET ABSORPTION,087,Colorado,Denver,2021-08-16,19740
228,08,005,0006,44201,1,39.638522,-104.569335,WGS84,Ozone,2021-05-13,20:00,2021-05-14,03:00,0.043,Parts per million,007,1 HOUR,1,HOURLY,0.005,,,FEM,INSTRUMENTAL - ULTRA VIOLET ABSORPTION,087,Colorado,Arapahoe,2021-08-16,19740
229,08,005,0002,44201,1,39.567887,-104.957193,WGS84,Ozone,2021-05-13,20:00,2021-05-14,03:00,,Parts per million,007,1 HOUR,1,HOURLY,0.005,,AY - Q C Control Points (zero/span).,FEM,INSTRUMENTAL - ULTRA VIOLET ABSORPTION,087,Colorado,Arapahoe,2021-08-16,19740
230,08,001,3001,44201,2,39.838119,-104.94984,WGS84,Ozone,2021-05-13,20:00,2021-05-14,03:00,0.034,Parts per million,007,1 HOUR,1,HOURLY,0.005,,,FEM,INSTRUMENTAL - ULTRA VIOLET ABSORPTION,087,Colorado,Adams,2021-08-16,19740
231,08,059,0014,44201,1,39.620408,-105.33872,WGS84,Ozone,2021-05-13,21:00,2021-05-14,04:00,0.027,Parts per million,007,1 HOUR,1,HOURLY,0.005,,,FEM,INSTRUMENTAL - ULTRA VIOLET ABSORPTION,087,Colorado,Jefferson,2021-08-16,19740
232,08,059,0011,44201,1,39.743724,-105.177989,WGS84,Ozone,2021-05-13,21:00,2021-05-14,04:00,0.039,Parts per million,007,1 HOUR,1,HOURLY,0.005,,,FEM,INSTRUMENTAL - ULTRA VIOLET ABSORPTION,087,Colorado,Jefferson,2021-08-16,19740
233,08,059,0006,44201,1,39.912799,-105.188587,WGS84,Ozone,2021-05-13,21:00,2021-05-14,04:00,0.042,Parts per million,007,1 HOUR,1,HOURLY,0.005,,,FEM,INSTRUMENTAL - ULTRA VIOLET ABSORPTION,087,Colorado,Jefferson,2021-08-16,19740
234,08,013,0014,44201,1,40.070016,-105.220238,NAD83,Ozone,2021-05-13,21:00,2021-05-14,04:00,0.034,Parts per million,007,1 HOUR,1,HOURLY,0.005,,,FEM,INSTRUMENTAL - ULTRA VIOLET ABSORPTION,087,Colorado,Boulder,2021-08-16,14500
235,08,047,0003,44201,1,39.792519,-105.49127,NAD83,Ozone,2021-05-13,21:00,2021-05-14,04:00,0.042,Parts per million,007,1 HOUR,1,HOURLY,0.005,,,FEM,INSTRUMENTAL - ULTRA VIOLET ABSORPTION,087,Colorado,Gilpin,2021-08-16,19740
236,08,035,0004,44201,1,39.534488,-105.070358,WGS84,Ozone,2021-05-13,21:00,2021-05-14,04:00,0.036,Parts per million,007,1 HOUR,1,HOURLY,0.005,,,FEM,INSTRUMENTAL - ULTRA VIOLET ABSORPTION,087,Colorado,Douglas,2021-08-16,19740
237,08,031,0026,44201,1,39.77949,-105.00518,WGS84,Ozone,2021-05-13,21:00,2021-05-14,04:00,0.006,Parts per million,007,1 HOUR,1,HOURLY,0.005,,,FEM,INSTRUMENTAL - ULTRA VIOLET ABSORPTION,087,Colorado,Denver,2021-08-16,19740
238,08,031,0002,44201,6,39.751184,-104.987625,WGS84,Ozone,2021-05-13,21:00,2021-05-14,04:00,0.024,Parts per million,007,1 HOUR,1,HOURLY,0.005,,,FEM,INSTRUMENTAL - ULTRA VIOLET ABSORPTION,087,Colorado,Denver,2021-08-16,19740
239,08,005,0006,44201,1,39.638522,-104.569335,WGS84,Ozone,2021-05-13,21:00,2021-05-14,04:00,0.038,Parts per million,007,1 HOUR,1,HOURLY,0.005,,,FEM,INSTRUMENTAL - ULTRA VIOLET ABSORPTION,087,Colorado,Arapahoe,2021-08-16,19740
240,08,005,0002,44201,1,39.567887,-104.957193,WGS84,Ozone,2021-05-13,21:00,2021-05-14,04:00,,Parts per million,007,1 HOUR,1,HOURLY,0.005,,AY - Q C Control Points (zero/span).,FEM,INSTRUMENTAL - ULTRA VIOLET ABSORPTION,087,Colorado,Arapahoe,2021-08-16,19740
241,08,001,3001,44201,2,39.838119,-104.94984,WGS84,Ozone,2021-05-13,21:00,2021-05-14,04:00,0.023,Parts per million,007,1 HOUR,1,HOURLY,0.005,,,FEM,INSTRUMENTAL - ULTRA VIOLET ABSORPTION,087,Colorado,Adams,2021-08-16,19740
242,08,059,0014,44201,1,39.620408,-105.33872,WGS84,Ozone,2021-05-13,22:00,2021-05-14,05:00,0.028,Parts per million,007,1 HOUR,1,HOURLY,0.005,,,FEM,INSTRUMENTAL - ULTRA VIOLET ABSORPTION,087,Colorado,Jefferson,2021-08-16,19740
243,08,059,0011,44201,1,39.743724,-105.177989,WGS84,Ozone,2021-05-13,22:00,2021-05-14,05:00,0.039,Parts per million,007,1 HOUR,1,HOURLY,0.005,,,FEM,INSTRUMENTAL - ULTRA VIOLET ABSORPTION,087,Colorado,Jefferson,2021-08-16,19740
244,08,059,0006,44201,1,39.912799,-105.188587,WGS84,Ozone,2021-05-13,22:00,2021-05-14,05:00,0.039,Parts per million,007,1 HOUR,1,HOURLY,0.005,,,FEM,INSTRUMENTAL - ULTRA VIOLET ABSORPTION,087,Colorado,Jefferson,2021-08-16,19740
245,08,013,0014,44201,1,40.070016,-105.220238,NAD83,Ozone,2021-05-13,22:00,2021-05-14,05:00,0.029,Parts per million,007,1 HOUR,1,HOURLY,0.005,,,FEM,INSTRUMENTAL - ULTRA VIOLET ABSORPTION,087,Colorado,Boulder,2021-08-16,14500
246,08,047,0003,44201,1,39.792519,-105.49127,NAD83,Ozone,2021-05-13,22:00,2021-05-14,05:00,0.04,Parts per million,007,1 HOUR,1,HOURLY,0.005,,,FEM,INSTRUMENTAL - ULTRA VIOLET ABSORPTION,087,Colorado,Gilpin,2021-08-16,19740
247,08,035,0004,44201,1,39.534488,-105.070358,WGS84,Ozone,2021-05-13,22:00,2021-05-14,05:00,0.033,Parts per million,007,1 HOUR,1,HOURLY,0.005,,,FEM,INSTRUMENTAL - ULTRA VIOLET ABSORPTION,087,Colorado,Douglas,2021-08-16,19740
248,08,031,0026,44201,1,39.77949,-105.00518,WGS84,Ozone,2021-05-13,22:00,2021-05-14,05:00,0.016,Parts per million,007,1 HOUR,1,HOURLY,0.005,,,FEM,INSTRUMENTAL - ULTRA VIOLET ABSORPTION,087,Colorado,Denver,2021-08-16,19740
249,08,031,0002,44201,6,39.751184,-104.987625,WGS84,Ozone,2021-05-13,22:00,2021-05-14,05:00,0.011,Parts per million,007,1 HOUR,1,HOURLY,0.005,,,FEM,INSTRUMENTAL - ULTRA VIOLET ABSORPTION,087,Colorado,Denver,2021-08-16,19740
250,08,005,0006,44201,1,39.638522,-104.569335,WGS84,Ozone,2021-05-13,22:00,2021-05-14,05:00,0.031,Parts per million,007,1 HOUR,1,HOURLY,0.005,,,FEM,INSTRUMENTAL - ULTRA VIOLET ABSORPTION,087,Colorado,Arapahoe,2021-08-16,19740
251,08,005,0002,44201,1,39.567887,-104.957193,WGS84,Ozone,2021-05-13,22:00,2021-05-14,05:00,,Parts per million,007,1 HOUR,1,HOURLY,0.005,,AY - Q C Control Points (zero/span).,FEM,INSTRUMENTAL - ULTRA VIOLET ABSORPTION,087,Colorado,Arapahoe,2021-08-16,19740
252,08,001,3001,44201,2,39.838119,-104.94984,WGS84,Ozone,2021-05-13,22:00,2021-05-14,05:00,0.027,Parts per million,007,1 HOUR,1,HOURLY,0.005,,,FEM,INSTRUMENTAL - ULTRA VIOLET ABSORPTION,087,Colorado,Adams,2021-08-16,19740
253,08,059,0014,44201,1,39.620408,-105.33872,WGS84,Ozone,2021-05-13,23:00,2021-05-14,06:00,0.025,Parts per million,007,1 HOUR,1,HOURLY,0.005,,,FEM,INSTRUMENTAL - ULTRA VIOLET ABSORPTION,087,Colorado,Jefferson,2021-08-16,19740
254,08,059,0011,44201,1,39.743724,-105.177989,WGS84,Ozone,2021-05-13,23:00,2021-05-14,06:00,0.037,Parts per million,007,1 HOUR,1,HOURLY,0.005,,,FEM,INSTRUMENTAL - ULTRA VIOLET ABSORPTION,087,Colorado,Jefferson,2021-08-16,19740
255,08,059,0006,44201,1,39.912799,-105.188587,WGS84,Ozone,2021-05-13,23:00,2021-05-14,06:00,0.04,Parts per million,007,1 HOUR,1,HOURLY,0.005,,,FEM,INSTRUMENTAL - ULTRA VIOLET ABSORPTION,087,Colorado,Jefferson,2021-08-16,19740
256,08,013,0014,44201,1,40.070016,-105.220238,NAD83,Ozone,2021-05-13,23:00,2021-05-14,06:00,0.026,Parts per million,007,1 HOUR,1,HOURLY,0.005,,,FEM,INSTRUMENTAL - ULTRA VIOLET ABSORPTION,087,Colorado,Boulder,2021-08-16,14500
257,08,047,0003,44201,1,39.792519,-105.49127,NAD83,Ozone,2021-05-13,23:00,2021-05-14,06:00,0.042,Parts per million,007,1 HOUR,1,HOURLY,0.005,,,FEM,INSTRUMENTAL - ULTRA VIOLET ABSORPTION,087,Colorado,Gilpin,2021-08-16,19740
258,08,035,0004,44201,1,39.534488,-105.070358,WGS84,Ozone,2021-05-13,23:00,2021-05-14,06:00,0.028,Parts per million,007,1 HOUR,1,HOURLY,0.005,,,FEM,INSTRUMENTAL - ULTRA VIOLET ABSORPTION,087,Colorado,Douglas,2021-08-16,19740
259,08,031,0026,44201,1,39.77949,-105.00518,WGS84,Ozone,2021-05-13,23:00,2021-05-14,06:00,0.015,Parts per million,007,1 HOUR,1,HOURLY,0.005,,,FEM,INSTRUMENTAL - ULTRA VIOLET ABSORPTION,087,Colorado,Denver,2021-08-16,19740
260,08,031,0002,44201,6,39.751184,-104.987625,WGS84,Ozone,2021-05-13,23:00,2021-05-14,06:00,0.009,Parts per million,007,1 HOUR,1,HOURLY,0.005,,,FEM,INSTRUMENTAL - ULTRA VIOLET ABSORPTION,087,Colorado,Denver,2021-08-16,19740
261,08,005,0006,44201,1,39.638522,-104.569335,WGS84,Ozone,2021-05-13,23:00,2021-05-14,06:00,0.043,Parts per million,007,1 HOUR,1,HOURLY,0.005,,,FEM,INSTRUMENTAL - ULTRA VIOLET ABSORPTION,087,Colorado,Arapahoe,2021-08-16,19740
262,08,005,0002,44201,1,39.567887,-104.957193,WGS84,Ozone,2021-05-13,23:00,2021-05-14,06:00,,Parts per million,007,1 HOUR,1,HOURLY,0.005,,AY - Q C Control Points (zero/span).,FEM,INSTRUMENTAL - ULTRA VIOLET ABSORPTION,087,Colorado,Arapahoe,2021-08-16,19740
263,08,001,3001,44201,2,39.838119,-104.94984,WGS84,Ozone,2021-05-13,23:00,2021-05-14,06:00,0.028,Parts per million,007,1 HOUR,1,HOURLY,0.005,,,FEM,INSTRUMENTAL - ULTRA VIOLET ABSORPTION,087,Colorado,Adams,2021-08-16,19740
